MCC,Description,Required Abbreviation (Payment Brand) M,Required Abbreviation (Payment Brand) V,Valid Payment Brand(s)
0742,Veterinary Services,,,"V, M"
0763,Agricultural Cooperatives,,,"V, M"
0780,Horticultural and Landscaping Services,,,"V, M"
1520,General Contractors–Residential and Commercial,,,"V, M"
1711,"Air Conditioning, Heating and Plumbing Contractors",,,"V, M"
1731,Electrical Contractors,,,"V, M"
1740,"Insulation, Masonry, Plastering, Stonework and Tile Setting Contractors",,,"V, M"
1750,Carpentry Contractors,,,"V, M"
1761,"Roofing and Siding, Sheet Metal Work Contractors",,,"V, M"
1771,Concrete Work Contractors,,,"V, M"
1799,"Contractors, Special Trade Contractors–not elsewhere classified",,,"V, M"
2741,Miscellaneous Publishing and Printing,,,"V, M"
2791,"Typesetting, Plate Making and Related Services",,,"V, M"
2842,"Sanitation, Polishing and Specialty Cleaning Preparations",,,"V, M"
3000,United Airlines,UNITED,UNITED AIR,"V, M"
3001,American Airlines,AMERICAN,AMERICAN AIR,"V, M"
3002,Pan American,PAN A,PAN AM AIR,"V, M"
3003,Eurofly,EUROFLY,EUROFLY AIR,"V, M"
3004,Dragon Airlines,DRAGONAIR,DRAGONAIR,"V, M"
3005,British Airways,BRITISH A,BRITISH AWYS,"V, M"
3006,Japan Air Lines,JAL,JAL AIRLINE,"V, M"
3007,Air France,AIR FRAN,AIR FRANCE,"V, M"
3008,Lufthansa German Airlines,LUFTHAN,LUFTHANSA,"V, M"
3009,Air Canada,AIR CAN,AIR CANADA,"V, M"
3010,Royal Dutch Airlines (KLM Airlines),KL,KLM AIRLINE,"V, M"
3011,Aeroflot,AEROFLOT,AEROFLOT,"V, M"
3012,Qantas,QANTAS,QANTAS AIR,"V, M"
3013,Alitalia,ALITALIA,ALITALIA,"V, M"
3014,Saudi Arabian Airlines,SAUDI AI,SAUDI AIR,"V, M"
3015,Swiss International Air Lines,SWISS,SWISSINTAIR,"V, M"
3016,Scandinavian Airline System (SAS),SAS,SAS,"V, M"
3017,South African Airways,SAFRICAN,SAA AIRWAYS,"V, M"
3018,Varig,VARIG,VARIG,"V, M"
3019,Germanwings,GRMNWNGSAIR,GRMNWNGSAIR,TSYS
3020,Air India,AIR-INDI,AIR-INDIA,"V, M"
3021,Air Algerie,AIRALGER,AIR ALGERIE,"V, M"
3022,Philippine Airlines,PAL AIR,PAL AIR,"V, M"
3023,Mexicana,MEXICANA,MEXICANA,"V, M"
3024,Pakistan International,PAKISTAN,PAKISTAN AIR,"V, M"
3025,Air New Zealand Ltd. International,AIR NZ,AIR NZ,"V, M"
3026,Emirates Airlines,EMIRATES,EMIRATES,"V, M"
3027,Union De Transports Aeriens (UTA/interair),UTAAIR,UTA AIRLINE,"V, M"
3028,Air Malta,AIRMALTA,AIR MALTA,"V, M"
3029,SN Brussels Airlines,SNBRU AIR,SNBRSSLSAIR,"V, M"
3030,Aerolineas Argentinas,AERO ARG,AERO ARGENT,"V, M"
3031,Olympic Airways,OLYMPICA,OLYMPIC AIR,"V, M"
3032,El Al,EL AL,EL AL,"V, M"
3033,Ansett Airlines,ANSETT,ANSETT AIR,"V, M"
3034,Etihadair,ETIHADAIR,ETIHADAIR,"V, M"
3035,TAP Air Portugal (TAP),TAP,TAP AIR,"V, M"
3036,Viacao Aerea Sao Pãulo (VASP),VASP,VASP AIR,"V, M"
3037,Egyptair,EGYPTAIR,EGYPTAIR,"V, M"
3038,Kuwait Airways,KUWAIT,KUWAIT AIR,"V, M"
3039,Avianca,AVIANCA,AVIANCA,"V, M"
3040,Gulf Air (Bahrain),GULF AIR,GULF AIR,"V, M"
3041,Balkan-Bulgarian Airlines,BALKAN,BALKAN AIR,"V, M"
3042,Finnair,FINNAIR,FINNAIR,"V, M"
3043,Aer Lingus,AERLING,AER LINGUS,"V, M"
3044,Air Lanka,AIR LANKA,AIR LANKA,"V, M"
3045,Nigeria Airways,NIGERIA,NIGERIA AIR,"V, M"
3046,Cruzeiro Do Sul,CRUZIERO,CRUZIERO AIR,"V, M"
3047,Turk Hava Yollari,THY,THY AIRLINE,"V, M"
3048,Royal Air Maroc,AIRMARO,AIR MAROC,"V, M"
3049,Tunis Air,TUNIS AI,TUNIS AIR,"V, M"
3050,Icelandair,ICELANDA,ICELANDAIR,"V, M"
3051,Austrian Airlines,AUSTRIAN,AUSTRIAN AIR,"V, M"
3052,LAN Airlines,LAN AIR,LAN AIR,"V, M"
3053,Aviacion Y Comercio (AVIACO),AVIACO,AVIACO AIR,"V, M"
3054,Linea Aerea Del Cobre (LADECO),LADECO,LADECO AIR,"V, M"
3055,Lloyd Aero Boliviano (LAB),LAB,LAB AIR,"V, M"
3056,Jet Airways,JET AIR,JET AIR,"V, M"
3057,Virgin America,VIR AMER,VIR AMER,"V, M"
3058,Delta,DELTA,DELTA AIR,"V, M"
3059,DBA Airline,DBA AIR,DBA AIR,"V, M"
3060,Northwest Airlines,NWA AIR,NWA AIR,"V, M"
3061,Continental,CONTINEN,CONTINENTAL,"V, M"
3062,Hapag-Lloyd Express,HLX,HLX AIR,"V, M"
3063,US Airways,USAIRWYS,USAIRWAYS,"V, M"
3064,Adria Airways,ADRIA AIR,ADRIA AIR,"V, M"
3065,Airinter,AIRINTER,AIRINTER,"V, M"
3066,Southwest Airlines,SOUTHWES,SOUTHWESTAIR,"V, M"
3067,Vanguard Airlines,VANGUARD,VANGUARD AIR,"V, M"
3068,Air Astana,AIRSTANA,AIR ASTANA,"V, M"
3069,Sun Country Airlines,SUNCNTRY,SUNCTRYAIR,"V, M"
3071,Air British Columbia,AIR B R C,AIR BC,"V, M"
3072,Cebu Pacific Airlines,CEBU PAC,CEBU PAC,"V, M"
3075,Singapore Airlines,SINGAPOR,SINGAPOREAIR,"V, M"
3076,Aeromexico,AEROMEXI,AEROMEXICO,"V, M"
3077,Thai Airways,THAIAIRW,THAI AIRWAYS,"V, M"
3078,China Airlines,CHINAAIR,CHINA AIR,"V, M"
3079,Jetstar Airways,JETSTAR,JETSTAR AIR,"V, M"
3081,NordAir,,,TSYS
3082,Korean Airlines,KOREAN,KOREAN AIR,"V, M"
3083,Air Afrique,AIR AFRIQ,AIR AFRIQUE,"V, M"
3084,Eva Airways,EVA AIR,EVA AIR,"V, M"
3085,Midwest Express Airlines,MIDWEST,MIDWEST EXP,"V, M"
3086,Carnival Airlines,CARNIVAL AIR,CARNIVAL AIR,V
3087,Metro Airlines,METROAI,METRO AIR,"V, M"
3088,Croatia Air,CROATIA,CROATIA AIR,"V, M"
3089,Transaero,TRANSAERO,TRANSAERO,"V, M"
3090,Uni Airways Corporation,UNIAIR,UNIAIR,"V, M"
3094,Zambia Airways,ZAMBIA A,ZAMBIA AIR,"V, M"
3096,Air Zimbabwe Corp,AIRZIMBA,AIR ZIMBABWE,"V, M"
3097,Spanair,SPANAIR,SPANAIR,"V, M"
3098,Asiana Airlines,ASIANA,ASIANA AIR,"V, M"
3099,Cathay Pacific,CATHAYPA,CATHAYPACAIR,"V, M"
3100,Malaysian Airline System,MALAY AI,MALAY AIR,"V, M"
3102,Iberia,IBERIA,IBERIA AIR,"V, M"
3103,Garuda,GARUDA,GARUDA AIR,"V, M"
3106,Braathens S.A.F.E.,BRAATHEN,BRAATHENS,"V, M"
3110,Wings Airways,WINGS AIR,WINGS AIR,V
3111,British Midland,BRITISH,BRMIDLANDAIR,"V, M"
3112,Windward Island,WINDWARD,WINDWRDISAIR,"V, M"
3115,Tower Air,TOWERAIR,TOWERAIR,"V, M"
3117,Venezolana International De Aviacion,VIASA,VIASA,"V, M"
3118,Valley Airlines,VALLEY AIR,VALLEY AIR,"V, M"
3125,Tan Sahsa,TAN AIR,TAN AIR,"V, M"
3126,Talair PTY Ltd.,TALAIR,TALAIR,V
3127,Taca International,TACA INT,TACAINTL AIR,"V, M"
3129,Surinam Airways,SURINA,SURINAM AIR,"V, M"
3130,Sunworld International,SUNWORLD,SUNWORLD AIR,"V, M"
3131,VLM Airlines,VL,VLM AIR,"V, M"
3132,Frontier Airlines,FRONTIER,FRONTIER AIR,"V, M"
3133,Sunbelt Airlines,SUNBELT AIR,SUNBELT AIR,V
3135,Sudan Airways,SUDAN AIR,SUDAN AIR,V
3136,Qatar Airways,QATAR AIR,QATAR AIR,"V, M"
3137,Singleton,SINGLETONAIR,SINGLETONAIR,V
3138,Simmons Airlines,SIMMONS AIR,SIMMONS AIR,V
3143,Scenic Airlines,SCENIC AIR,SCENIC AIR,V
3144,Virgin Atlantic,VIR ATL,VIRGINATLAIR,"V, M"
3145,San Juan,SAN JUAN AIR,SAN JUAN AIR,V
3146,Luxair,LUXAIR,LUXAIR,"V, M"
3148,Air Littoral S.A.,LITTORAL,AIRLITTORAL,"V, M"
3151,Air Zaire,AIRZAIRE,AIR ZAIRE,"V, M"
3154,Princeville,PRINCVLLEAIR,PRINCVLLEAIR,V
3156,Go Fly Ltd.,GOFLY,GOFLY,"V, M"
3159,Provincetown-Boston Airways,PBA,PBA AIRLINE,"V, M"
3161,All Nipon Airways,ANAAIR,ANA AIR,"V, M"
3164,Norontair,NORONTAI,NORONTAIR,"V, M"
3165,New York Helicopter,NY HELI,NY HELI,V
3167,Aero Continente,AERO CONT,AEROCONTINEN,"V, M"
3170,Mount Cook,MT COOK AIR,MT COOK AIR,V
3171,Canadian Airlines International,CANADIAN,CANADIAN AIR,"V, M"
3172,Nationair,NATIONAI,NATIONAIR,"V, M"
3174,Jetblue Airways,JETBLUE,JETBLUE,"V, M"
3175,Middle East Air,MIDEASTA,MIDEAST AIR,"V, M"
3176,Metroflight Airlines,METROFLT AIR,METROFLT AIR,V
3177,AirTran Airways,AIRTRAN A,AIRTRANAIR,"V, M"
3178,Mesa Air,MESA AIR,MESA AIR,"V, M"
3180,Westjet Airlines,WESTJET,WESTJETAIR,"V, M"
3181,Malev,MALEV,MALEV AIR,"V, M"
3182,LOT (Polish Airlines),LOT,LOT AIR,"V, M"
3183,Oman Air,OMAN AIR,OMANAIR,"V, M"
3184,LIAT,LIAT,LIAT AIRLINE,"V, M"
3185,Linea Aeropostal Venezolana (LAV),LAV,LAV AIR,"V, M"
3186,Lineas Aereas Paraguayas (LAP),LAP,LAP AIR,"V, M"
3187,LACSA (Costa Rica),LACSA,LACSA AIR,"V, M"
3188,Virgin Express,VIR EXP,VIRGINEXPAIR,"V, M"
3190,Jugoslav Air,JUGOSLAV,JUGOSLAV AIR,"V, M"
3191,Island Airlines,ISLANDAI,ISLAND AIR,"V, M"
3193,Indian Airlines,INDIAN A,INDIAN AIR,"V, M"
3196,Hawaiian Air,HAWAIIAN,HAWAIIAN AIR,"V, M"
3197,Havasu Airlines,HAVASUAI,HAVASU AIR,"V, M"
3200,Guyana Airways,GUYANA A,GUYANA AIR,"V, M"
3203,Golden Pacific Air,GOLDPAC AIR,GOLDPAC AIR,V
3204,Freedom Airlines,FREEDO,FREEDOM AIR,"V, M"
3206,China Eastern Airlines,CHINAEAST,CHINAEASTAIR,"V, M"
3211,Norwegian Air Shuttle,NORWEGIAN,NORWEGIANAIR,"V, M"
3212,Dominicana De Aviacion,DOMINICA,DOMINICA AIR,"V, M"
3213,Malmo Aviation,MALMO AV,MALMO AIR,"V, M"
3215,Dan Air Services,DANAIRSER,DANAIRSER,V
3216,Cumberland Airlines,CUMBERLNDAIR,CUMBERLNDAIR,V
3217,Ceskoslovenske Aerolinie (CSA),CSA,CSA AIRLINE,"V, M"
3218,Crown Air,CROWN AIR,CROWN AIR,V
3219,Compania Panamena De Aviacion (COPA),COPA,COPA AIR,"V, M"
3220,Compania Faucett,COMPANIA,COMP FAU AIR,"V, M"
3221,Transportes Aeros Militares,TAME AIR,TAME AIRLINE,"V, M"
3222,Command Airways,COMMAND,COMMAND AIR,"V, M"
3223,Comair,COMAIR,COMAIR,"V, M"
3226,Skyways,SKYWAYS,SKYWAYS AIR,"V, M"
3228,Cayman Airways,CAYMANAIR,CAYMANAIR,"V, M"
3229,SAETA (Sociedad Ecuatorianos De Transportes Aereos),SAETAAIR,SAETA AIR,"V, M"
3231,SAHSA (Servicio Aero De Honduras),SAHSA,SAHSA AIR,"V, M"
3233,Capitol Air,CAPITOL AIR,CAPITOL AIR,V
3234,Caribbean Airlines,CARIBBEAN,CARIBBEANAIR,"V, M"
3235,Brockway Air,BROCKWAY AIR,BROCKWAY AIR,V
3236,Air Arabia Airline,AIR ARAB,AIR ARABIA,"V, M"
3238,Bemidji Aviation,BEMIDJI AIR,BEMIDJI AIR,V
3239,Bar Harbor Airlines,BARHARBO,BARHARBORAIR,"V, M"
3240,Bahamasair,BAHAMASA,BAHAMASAIR,"V, M"
3241,Aviateca,AVIATECA,AVIATECA AIR,"V, M"
3242,Avensa,AVENSA,AVENSA AIR,"V, M"
3243,Austrian Air Service,AUSTRAIR,AUST AIRSER,"V, M"
3245,Easyjet Air,EASYJET,EASYJET AIR,"V, M"
3246,Ryanair,RYANAIR,RYANAIR,"V, M"
3247,Gol Airlines,GOL,GOL AIR,"V, M"
3248,Tam Airlines,TA,TAM AIR,"V, M"
3251,Aloha Airlines,ALOHA AIR,ALOHA AIR,V
3252,Antilean Airlines (ALM),AL,ALM AIRLINE,"V, M"
3253,America West,AMERWEST,AMERWEST,M
3254,U.S. Air Shuttle,USAIRSHUTL,USAIRSHUTL,V
3256,Alaska Airlines Inc.,ALASKA A,ALASKA AIR,"V, M"
3259,American Trans Air,ATA AIR,ATA AIR,V
3260,Spirit Airlines,SPIRIT,SPIRIT AIR,"V, M"
3261,Air China,AIR CHINA,AIR CHINA,"V, M"
3262,Reno Air,RENO AIR,RENO AIR,V
3263,Aero Servicio Carabobo,ASERCA,ASC AIRLINE,"V, M"
3266,Air Seychelles,AIR SEYC,AIR SEYCH,"V, M"
3267,Air Panama International,AIR PANA,AIR PANAMA,"V, M"
3273,Rica Hotels,,,TSYS
3274,Inter Nor Hotels,,,TSYS
3280,Air Jamaica,AIR JAMA,AIR JAMAICA,"V, M"
3281,Air Djibouti,,,TSYS
3282,Air Djibouti,AIR DJIB,AIR DJIBOUTI,"V, M"
3284,Aero Virgin Islands,AERVIRGINIS,AERVIRGINIS,V
3285,Aero Peru,AEROPERU,AEROPERU,"V, M"
3286,Aero Nicaraguensis,AERO NIC,AERONICARAG,"V, M"
3287,Aero Coach Aviation,AEROCOAC,AEROCOACH A,"V, M"
3292,Cyprus Airways,CYPRUSA,CYPRUS AIR,"V, M"
3293,Ecuatoriana,ECUATORI,ECUATORIANA,"V, M"
3294,Ethiopian Airlines,ETHIOPIA,ETHIOPIAN AIR,"V, M"
3295,Kenya Airways,KENYAAIR,KENYA AIR,"V, M"
3296,Air Berlin,AIRBERLIN,AIR BERLIN,"V, M"
3297,Tarom Romanian Air Transport,TAROM AIR,TAROM AIR,"V, M"
3298,Air Mauritius,AIRMAURI,AIRMAURITIUS,"V, M"
3299,Wideroes Flyveselskap,WIDEROES,WIDEROES,"V, M"
3351,Affiliated Auto Rental,,,"V, M"
3352,American International,,,"V, M"
3353,Brooks Rent-A-Car,,,"V, M"
3354,Action Auto Rental,,,"V, M"
3355,Sixt Car Rental,,,"V, M"
3357,Hertz,,,"V, M"
3359,Payless Car Rental,,,"V, M"
3360,Snappy Car Rental,,,"V, M"
3361,Airways,,,"V, M"
3362,Altra Auto Rental,,,"V, M"
3364,Agency Rent-A-Car,,,"V, M"
3366,Budget Rent-A-Car,,,"V, M"
3368,Holiday Rent-A-Car,,,"V, M"
3370,Rent-A-Wreck,,,"V, M"
3374,Accent Rent-A-Car,,,"V, M"
3376,Ajax Rent-A-Car,,,"V, M"
3380,Triangle Rent-A-Car,,,"V, M"
3381,Europcar,,,"V, M"
3385,Tropical Rent-A-Car,,,"V, M"
3386,Showcase Rental Cars,,,"V, M"
3387,Alamo Rent-A-Car,,,"V, M"
3388,Merchants Rent-A-Car,,,"V, M"
3389,Avis Rent-A-Car,,,"V, M"
3390,Dollar Rent-A-Car,,,"V, M"
3391,Europe By Car,,,"V, M"
3393,National Car Rental,,,"V, M"
3394,Kemwell Group,,,"V, M"
3395,Thrifty Car Rental,,,"V, M"
3396,Tilden Rent-A-Car,,,"V, M"
3398,Econo-Car Rent-A-Car,,,"V, M"
3400,Auto Host Rental Cars,,,"V, M"
3405,Enterprise Rent-A-Car,,,"V, M"
3409,General Rent-A-Car,,,"V, M"
3412,A1 Rent-A-Car,,,"V, M"
3414,Godfrey National,,,V
3420,Ansa International,,,"V, M"
3421,Allstate,,,"V, M"
3423,AVCAR,,,"V, M"
3425,Automate,,,"V, M"
3427,Avon Rent-A-Car,,,"V, M"
3428,Carey,,,"V, M"
3429,Insurance Rent-A-Car,,,"V, M"
3430,Major Rent-A-Car,,,"V, M"
3431,Replacement Rent-A-Car,,,"V, M"
3432,Reserve Rent-A-Car,,,"V, M"
3433,Ugly Duckling Rent-A-Car,,,"V, M"
3434,USA,,,"V, M"
3435,Value Rent-A-Car,,,"V, M"
3436,Autohansa,,,"V, M"
3437,Cite,,,V
3438,Interent,,,"V, M"
3439,Milleville,,,"V, M"
3441,Advantage Rent A Car,,,"V, M"
3501,Holiday Inns,,,"V, M"
3502,Best Western,,,"V, M"
3503,Sheraton,,,"V, M"
3504,Hilton,,,"V, M"
3505,Trusthouse Forte,,,"V, M"
3506,Golden Tulip,,,"V, M"
3507,Friendship Inns International,,,"V, M"
3508,Quality International,,,"V, M"
3509,Marriott,,,"V, M"
3510,Days Inns Of America,,,"V, M"
3511,Arabella Hotels,,,"V, M"
3512,Intercontinental,,,"V, M"
3513,Westin Hotels,,,"V, M"
3514,Amerisuites,,,"V, M"
3515,Rodeway Inns International,,,"V, M"
3516,La Quinta Motor Inns,,,"V, M"
3517,Americana Hotels Corporation,,,"V, M"
3518,Sol Hotels,,,"V, M"
3519,PLM/ETAP International,,,"V, M"
3520,Meridien,,,"V, M"
3521,Crest Hotels,,,"V, M"
3522,Tokyo Group,,,"V, M"
3523,Peninsula Hotels,,,"V, M"
3524,Welcomgroup,,,"V, M"
3525,Dunfey Hotels,,,"V, M"
3526,Prince Hotels,,,"V, M"
3527,Downtowner Passport,,,"V, M"
3528,Thunderbird/Red Lion,,,"V, M"
3529,CP (Canadian Pacific),,,"V, M"
3530,Renaissance Hotels,,,"V, M"
3531,Kauai Coconut Beach Resort,,,"V, M"
3532,Royal Kona Resort,,,"V, M"
3533,Park Inn by Radisson,,,"V, M"
3534,Southern Pacific Hotel,,,"V, M"
3535,Hilton International,,,"V, M"
3536,AMFAC Hotels,,,"V, M"
3537,Ana Hotels,,,"V, M"
3538,Concorde Hotels,,,"V, M"
3539,Summerfield Suites Hotel,,,"V, M"
3540,Iberotel,,,"V, M"
3541,Hotel Okura,,,"V, M"
3542,Royal Hotels,,,"V, M"
3543,Four Seasons,,,"V, M"
3544,Cigahotels,,,"V, M"
3545,Shangri-La International,,,"V, M"
3546,Hotel Sierra,,,"V, M"
3547,Breakers Resort,,,M
3548,Hotels Melia,,,"V, M"
3549,Auberge Des Governeurs,,,"V, M"
3550,Regal 8 Inns,,,"V, M"
3551,Mirage Hotel and Casino,,,"V, M"
3552,Coast Hotels,,,"V, M"
3553,Parks Inns International,,,"V, M"
3554,Pinehurst Resort,,,"V, M"
3555,Treasure Island Hotel and Casino,,,"V, M"
3556,Barton Creek Resort,,,"V, M"
3557,Manhattan East Suite Hotels,,,"V, M"
3558,Jolly Hotels,,,"V, M"
3559,Candlewood Suites,,,"V, M"
3560,Aladdin Resort and Casino,,,"V, M"
3561,Golden Nugget,,,"V, M"
3562,Comfort Hotel International,,,"V, M"
3563,Journeys End Motels,,,"V, M"
3564,Sams Town Hotel and Casino,,,"V, M"
3565,Relax Inns,,,"V, M"
3566,Garden Place Hotel,,,"V, M"
3567,Soho Grand Hotel,,,"V, M"
3568,Ladbroke Hotels,,,"V, M"
3569,Tribeca Grand Hotel,,,"V, M"
3570,Grand Met Forum Hotels,,,"V, M"
3571,Grand Wailea Resort,,,"V, M"
3572,Miyako Hotel/Kintetsu,,,"V, M"
3573,Sandman Hotels,,,"V, M"
3574,Venture Inn,,,"V, M"
3575,Vagabond Hotels,,,"V, M"
3576,La Quinta Resort,,,"V, M"
3577,Mandarin International,,,"V, M"
3578,Frankenmuth Bavarian,,,"V, M"
3579,Hotel Mercure,,,"V, M"
3580,Hotel Del Coronado,,,"V, M"
3581,Delta Hotels,,,"V, M"
3582,California Hotel and Casino,,,"V, M"
3583,Radisson BLU,,,"V, M"
3584,Princess Hotels International,,,"V, M"
3585,Hungar Hotels,,,"V, M"
3586,Sokos Hotel,,,"V, M"
3587,Doral Hotels,,,"V, M"
3588,Helmsley Hotels,,,"V, M"
3589,Doral Golf Resort,,,"V, M"
3590,Fairmont Hotels Corporation,,,"V, M"
3591,Sonesta International Hotels,,,"V, M"
3592,Omni International,,,"V, M"
3593,Cunard Hotels,,,"V, M"
3594,Arizona Biltmore,,,"V, M"
3595,Hospitality Inns,,,"V, M"
3596,Wynn Las Vegas,,,"V, M"
3597,Riverside Resort and Casino,,,"V, M"
3598,Regent Hotels,,,"V, M"
3599,Pannonia Hotels,,,"V, M"
3600,Saddlebrook Resort–Tampa,,,"V, M"
3601,Tradewinds Resort,,,"V, M"
3602,Hudson Hotel,,,"V, M"
3603,Noahs Hotel (Melbourne),,,"V, M"
3604,Hilton Garden Inn,,,"V, M"
3605,Jurys Doyle Hotel Group,,,M
3606,Jefferson Hotel,,,M
3607,Fontainebleau Resort,,,"V, M"
3608,Gaylord Opryland,,,"V, M"
3609,Gaylord Palms,,,"V, M"
3610,Gaylord Texan,,,M
3611,C MON INN,,,M
3612,Moevenpick,,,"V, M"
3613,Microtel Inn and Suites,,,"V, M"
3614,AmericInn,,,"V, M"
3615,Travelodge Motels,,,"V, M"
3616,Hermitage Hotels,,,M
3617,America’s Best Value Inn,,,"V, M"
3618,Great Wolf,,,"V, M"
3619,Aloft,,,"V, M"
3620,Binions Horseshoe Club,,,"V, M"
3621,Extended Stay,,,"V, M"
3622,Merlin Hotel (Perth),,,"V, M"
3623,Dorint Hotels,,,"V, M"
3624,Lady Luck Hotel and Casino,,,"V, M"
3625,Hotel Universal,,,"V, M"
3626,Studio Plus,,,"V, M"
3627,Extended Stay America,,,"V, M"
3628,Excalibur Hotel and Casino,,,"V, M"
3629,Dan Hotels,,,"V, M"
3630,Extended Stay Deluxe,,,"V, M"
3631,Sleep Inn,,,"V, M"
3632,The Phoenician,,,"V, M"
3633,Rank Hotels,,,"V, M"
3634,Swissotel,,,"V, M"
3635,Reso Hotels,,,"V, M"
3636,Sarova Hotels,,,"V, M"
3637,Ramada Inns,,,"V, M"
3638,Howard Johnson,,,"V, M"
3639,Mount Charlotte Hotels,,,"V, M"
3640,Hyatt Hotels/International,,,"V, M"
3641,Sofitel Hotels,,,"V, M"
3642,Novotel Sieh (Accor),,,"V, M"
3643,Steigenberger,,,"V, M"
3644,Econo-Travel Motor Hotel,,,"V, M"
3645,Queens Moat Houses,,,"V, M"
3646,Swallow Hotels,,,"V, M"
3647,Grupo Hotels HUSA SA,,,"V, M"
3648,De Vere Hotels,,,"V, M"
3649,Radisson,,,"V, M"
3650,Red Roof Inns,,,"V, M"
3651,Imperial London Hotels,,,"V, M"
3652,Embassy Hotels,,,"V, M"
3653,Penta Hotels,,,"V, M"
3654,Loews Hotels,,,"V, M"
3655,Scandic Hotels,,,"V, M"
3656,Sara Hotels,,,"V, M"
3657,Oberoi Hotels,,,"V, M"
3658,New Otani Hotels,,,"V, M"
3659,Taj Hotels Intl,,,"V, M"
3660,Knights Inn,,,"V, M"
3661,Metropole Hotels,,,"V, M"
3662,Circus Circus Hotel and Casino,,,"V, M"
3663,Hoteles El Presidente,,,"V, M"
3664,Flag Inns,,,"V, M"
3665,Hampton Inns,,,"V, M"
3666,Stakis Hotels,,,"V, M"
3667,Luxor Hotel and Casino,,,"V, M"
3668,Maritim,,,"V, M"
3669,Eldorado Hotel and Casino,,,"V, M"
3670,Arcade,,,"V, M"
3671,Arctia,,,"V, M"
3672,Campanile,,,"V, M"
3673,Ibusz Hotels,,,"V, M"
3674,Rantasipi Hotels,,,"V, M"
3675,Interhotel Cedok,,,"V, M"
3676,Monte Carlo Hotel and Casino,,,"V, M"
3677,Climat De France,,,"V, M"
3678,Cumulus Hotels,,,"V, M"
3679,Silver Legacy Hotel and Casino,,,"V, M"
3680,Hoteis Othan,,,"V, M"
3681,Adams Mark,,,"V, M"
3682,Sahara Hotel and Casino,,,"V, M"
3683,Bradbury Suites,,,"V, M"
3684,Budget Host Inns,,,"V, M"
3685,Budgetel,,,"V, M"
3686,Suisse Chalet,,,"V, M"
3687,Clarion Hotel,,,"V, M"
3688,Compri Hotel,,,"V, M"
3689,Consort,,,"V, M"
3690,Courtyard by Marriott,,,"V, M"
3691,Dillon Inn,,,"V, M"
3692,Doubletree,,,"V, M"
3693,Drury Inn,,,"V, M"
3694,Economy Inns Of America,,,"V, M"
3695,Embassy Suites,,,"V, M"
3696,Excel Inn,,,"V, M"
3697,Fairfield Hotel,,,"V, M"
3698,Harley Hotel,,,"V, M"
3699,Midway Motor Lodge,,,"V, M"
3700,Motel 6,,,"V, M"
3701,La Mansion Del Rio,,,"V, M"
3702,Registry Hotels,,,"V, M"
3703,Residence Inn,,,"V, M"
3704,Royce Hotel,,,"V, M"
3705,Sandman Inn,,,"V, M"
3706,Shilo Inn,,,"V, M"
3707,Shoneys Inn,,,"V, M"
3708,Virgin River Hotel and Casino,,,"V, M"
3709,Super 8 Motel,,,"V, M"
3710,Ritz-Carlton,,,"V, M"
3711,Flag Inns (Australia),,,"V, M"
3712,Buffalo Bills Hotel and Casino,,,"V, M"
3713,Quality Pacific Hotel,,,"V, M"
3714,Four Seasons (Australia),,,"V, M"
3715,Fairfield Inn,,,"V, M"
3716,Carlton Hotels,,,"V, M"
3717,City Lodge Hotels,,,"V, M"
3718,Karos Hotels,,,"V, M"
3719,Protea Hotels,,,"V, M"
3720,Southern Sun Hotels,,,"V, M"
3721,Conrad Hotels,,,"V, M"
3722,Wyndham,,,"V, M"
3723,Rica Hotels,,,"V, M"
3724,Inter Nor Hotels,,,"V, M"
3725,Sea Pines Resort,,,"V, M"
3726,Rio Suites,,,"V, M"
3727,Broadmoor Hotel,,,"V, M"
3728,Ballys Hotel and Casino,,,"V, M"
3729,John Ascuagas Nugget,,,"V, M"
3730,MGM Grand Hotel,,,"V, M"
3731,Harrah’s Hotels and Casinos,,,"V, M"
3732,Opryland Hotel,,,"V, M"
3733,Boca Raton Resort,,,M
3734,Harvey Bristol Hotels,,,"V, M"
3735,Masters Economy Inns,,,"V, M"
3736,Colorado Belle Edgewater Resort,,,"V, M"
3737,Riviera Hotel and Casino,,,"V, M"
3738,Tropicana Resort and Casino,,,"V, M"
3739,Woodside Hotels and Resorts,,,"V, M"
3740,Towneplace Suites,,,"V, M"
3741,Millennium Broadway Hotel,,,"V, M"
3742,Club Med,,,"V, M"
3743,Biltmore Hotel and Suites,,,"V, M"
3744,Carefree Resorts,,,"V, M"
3745,St. Regis Hotel,,,"V, M"
3746,The Eliot Hotel,,,"V, M"
3747,Club Corporation/Club Resorts,,,"V, M"
3748,Wellesley Inns,,,"V, M"
3749,Beverly Hills Hotel,,,"V, M"
3750,Crowne Plaza Hotels,,,"V, M"
3751,Homewood Suites,,,"V, M"
3752,Peabody Hotels,,,"V, M"
3753,Greenbriar Resorts,,,"V, M"
3754,Amelia Island Plantation,,,"V, M"
3755,Homestead,,,"V, M"
3757,Canyon Ranch,,,TSYS
3758,Kahala Mandarin Oriental Hotel,,,"V, M"
3759,Orchid At Mauna Lai,,,"V, M"
3760,Halekulani Hotel/Waikiki Parc,,,"V, M"
3761,Primadonna Hotel and Casino,,,"V, M"
3762,Whiskey Pete’s Hotel and Casino,,,"V, M"
3763,Chateau Elan Winery and Resort,,,"V, M"
3764,Beau Rivage Hotel and Casino,,,"V, M"
3765,Bellagio,,,"V, M"
3766,Fremont Hotel and Casino,,,"V, M"
3767,Main Street Station Hotel and Casino,,,"V, M"
3768,Silver Star Hotel and Casino,,,"V, M"
3769,Stratosphere Hotel and Casino,,,"V, M"
3770,Springhill Suites,,,"V, M"
3771,Caesars Hotel and Casino,,,"V, M"
3772,Nemacolin Woodlands,,,"V, M"
3773,Venetian Resort Hotel and Casino,,,"V, M"
3774,New York-New York Hotel and Casino,,,"V, M"
3775,Sands Resort,,,"V, M"
3776,Nevele Grande Resort and Country Club,,,"V, M"
3777,Mandalay Bay Resort,,,"V, M"
3778,Four Points Hotels,,,"V, M"
3779,W Hotels,,,"V, M"
3780,Disneyland Resorts,,,"V, M"
3781,Patricia Grand Resort Hotels,,,"V, M"
3782,Rosen Hotel and Resorts,,,"V, M"
3783,Town and Country Resort and Convention Center,,,"V, M"
3784,First Hospitality Hotels,,,"V, M"
3785,Outrigger Hotels and Resorts,,,"V, M"
3786,Ohana Hotels of Hawaii,,,"V, M"
3787,Caribe Royal Resort Suite and Villas,,,"V, M"
3788,Ala Moana Hotel,,,"V, M"
3789,Smugglers Notch Resort,,,"V, M"
3790,Raffles Hotels,,,"V, M"
3791,Staybridge Suites,,,"V, M"
3792,Claridge Casino Hotel,,,"V, M"
3793,The Flamingo Hotels,,,"V, M"
3794,Grand Casino Hotels,,,"V, M"
3795,Paris Las Vegas Hotel,,,"V, M"
3796,Peppermill Hotel Casino,,,"V, M"
3797,Atlantic City Hilton,,,"V, M"
3798,Embassy Vacation Resort,,,"V, M"
3799,Hale Koa Hotel,,,"V, M"
3800,Homestead Suites,,,"V, M"
3801,Wilderness Hotel and Resort,,,"V, M"
3802,The Palace Hotel,,,"V, M"
3803,The Wigwam Golf Resort and Spa,,,M
3804,The Diplomat Country Club and Spa,,,M
3805,The Atlantic,,,M
3806,Princeville Resort,,,M
3807,Element,,,"V, M"
3808,LXR (Luxury Resorts),,,"V, M"
3809,Settle Inn,,,M
3810,La Costa Resort,,,M
3811,Premier Travel Inns,,,"V, M"
3812,Hyatt Place,,,"V, M"
3813,Hotel Indigo,,,"V, M"
3814,The Roosevelt Hotel NY,,,"V, M"
3815,Nickelodeon Family Suites by Holiday Inn,,,"V, M"
3816,Home2Suites,,,"V, M"
3817,Affinia,,,M
3818,Mainstay Suites,,,"V, M"
3819,Oxford Suites,,,"V, M"
3820,Jumeirah Essex House,,,"V, M"
3821,Caribe Royal,,,"V, M"
3822,Crossland,,,"V, M"
3823,Grand Sierra Resort,,,"V, M"
3824,Aria,,,"V, M"
3825,Vdara,,,"V, M"
3826,Autograph,,,"V, M"
3827,Galt House,,,"V, M"
3828,Cosmopolitan of Las Vegas,,,"V, M"
3829,Country Inn By Carlson,,,"V, M"
3830,Park Plaza Hotel,,,"V, M"
3831,Waldorf,,,"V, M"
4011,Railroads–Freight,,,"V, M"
4111,"Transportation–Suburban and Local Commuter Passenger, including Ferries",,,"V, M"
4112,Passenger Railways,,,"V, M"
4119,Ambulance Services,,,"V, M"
4121,Taxicabs and Limousines,,,"V, M"
4131,Bus Lines,,,"V, M"
4214,"Motor Freight Carriers,Trucking–Local/Long Distance, Moving and Storage Companies, Local Delivery",,,"V, M"
4215,"Courier Services–Air and Ground, Freight Forwarders",,,"V, M"
4225,"Public Warehousing–Farm Products, Refrigerated Goods, Household Goods Storage",,,"V, M"
4411,Cruise Lines,,,"V, M"
4457,Boat Leases and Boat Rentals,,,"V, M"
4468,"Marinas, Marine Service/Supplies",,,"V, M"
4511,"Air Carriers, Airlines–not elsewhere classified",,,"V, M"
4582,"Airports, Airport Terminals, Flying Fields",,,"V, M"
4722,Travel Agencies and Tour Operators,,,"V, M"
4723,Package Tour Operators (Germany Only),,,V
4761,Telemarketing of Travel Related Services and Vitamins,,,TSYS
4784,"Bridge and Road Fees, Tolls",,,"V, M"
4789,Transportation Services Not Elsewhere Classified,,,"V, M"
4812,Telecommunication Equipment Including Telephone Sales,,,"V, M"
4813,Key-Entry Telecom Merchant providing single local and long-distance phone calls using a central access number in a non-face-to-face environment using key entry,,,M
4814,Telecommunication Services including but not limited to prepaid phone services and recurring phone services,,,"V, M"
4816,Computer Network/Information Services,,,"V, M"
4821,Telegraph Services,,,"V, M"
4829,"Wire Transfer Money Orders (V, D, G, X)  Money Transfer (M)",,,"V, M"
4899,"Cable, Satellite, and Other Pay Television and Radio Services",,,"V, M"
4900,"Utilities–Electric, Gas, Heating Oil, Sanitary, Water",,,"V, M"
5013,Motor Vehicle Supplies and New Parts,,,"V, M"
5021,Office and Commercial Furniture,,,"V, M"
5039,Construction Materials Not Elsewhere Classified,,,"V, M"
5044,"Office, Photographic, Photocopy and Microfilm Equipment",,,"V, M"
5045,"Computers, Computer Peripheral Equipment, Software",,,"V, M"
5046,Commercial Equipment Not Elsewhere Classified,,,"V, M"
5047,Dental/Laboratory/Medical/Ophthalmic Hospital Equipment and Supplies,,,"V, M"
5051,Metal Service Centers and Offices,,,"V, M"
5065,Electrical Parts and Equipment,,,"V, M"
5072,Hardware Equipment and Supplies,,,"V, M"
5074,Plumbing and Heating Equipment,,,"V, M"
5085,Industrial Supplies Not Elsewhere Classified,,,"V, M"
5094,"Precious Stones and Metals, Watches and Jewelry",,,"V, M"
5099,Durable Goods Not Elsewhere Classified,,,"V, M"
5111,"Stationery, Office Supplies, Printing and Writing Paper",,,"V, M"
5122,"Drugs, Drug Proprietors and Druggists Sundries",,,"V, M"
5131,"Piece Goods, Notions, and Other Dry Goods",,,"V, M"
5137,"Men’s, Women’s and Children’s Uniforms and Commercial Clothing",,,"V, M"
5139,Commercial Footware,,,"V, M"
5169,Chemicals and Allied Products Not Elsewhere Classified,,,"V, M"
5172,Petroleum and Petroleum Products,,,"V, M"
5192,"Books, Periodicals and Newspapers",,,"V, M"
5193,"Florists Supplies, Nursery Stock and Flowers",,,"V, M"
5198,"Paints, Varnishes and Supplies",,,"V, M"
5199,Non-Durable Goods Not Elsewhere Classified,,,"V, M"
5200,Home Supply Warehouse Stores,,,"V, M"
5211,"Building Materials, Lumber Stores",,,"V, M"
5231,"Glass, Paint, Wallpaper Stores",,,"V, M"
5251,Hardware Stores,,,"V, M"
5261,Lawn and Garden Supply Stores,,,"V, M"
5271,Mobile Home Dealers,,,"V, M"
5299,Warehouse Club Gas,,,TSYS
5300,Wholesale Clubs,,,"V, M"
5309,Duty Free Stores,,,"V, M"
5310,Discount Stores,,,"V, M"
5311,Department Stores,,,"V, M"
5331,Variety Stores,,,"V, M"
5399,Miscellaneous General Merchandise Stores,,,"V, M"
5411,"Grocery Stores, Supermarkets",,,"V, M"
5422,Freezer and Locker Meat Provisioners,,,"V, M"
5441,"Candy, Nut and Confectionery Stores",,,"V, M"
5451,Dairy Products Stores,,,"V, M"
5462,Bakeries,,,"V, M"
5499,"Miscellaneous Food Stores–Convenience Stores, Markets, Specialty Stores, and Vending Machines",,,"V, M"
5511,"Automobile and Truck Dealers–Sales, Service, Repairs, Parts and Leasing",,,"V, M"
5521,Automobile and Truck Dealers–(Used Only)–Sales,,,"V, M"
5532,Automotive Tire Stores,,,"V, M"
5533,Automotive Parts and Accessories Stores,,,"V, M"
5541,Service Stations (With or Without Ancillary Services),,,"V, M"
5542,"Fuel Dispenser, Automated",,,"V, M"
5551,Boat Dealers,,,"V, M"
5561,"Camper Dealers, Recreational and Utility Trailers",,,"V, M"
5571,Motorcycle Shops and Dealers,,,"V, M"
5592,Motor Home Dealers,,,"V, M"
5598,Snowmobile Dealers,,,"V, M"
5599,"Miscellaneous Automotive, Aircraft, and Farm Equipment Dealers–Not Elsewhere Classified",,,"V, M"
5611,Men’s and Boys’ Clothing and Accessories Stores,,,"V, M"
5621,Women’s Ready to Wear Stores,,,"V, M"
5631,Women’s Accessory and Specialty Stores,,,"V, M"
5641,Children’s and Infants’ Wear Stores,,,"V, M"
5651,Family Clothing Stores,,,"V, M"
5655,"Sports Apparel, and Riding Apparel Stores",,,"V, M"
5661,Shoe Stores,,,"V, M"
5681,Furriers and Fur Shops,,,"V, M"
5691,Men’s and Women’s Clothing Stores,,,"V, M"
5697,"Alterations, Mending, Seamstresses, Tailors",,,"V, M"
5698,Wig and Toupee Shops,,,"V, M"
5699,Accessory and Apparel Stores–Miscellaneous,,,"V, M"
5712,"Equipment, Furniture and Home Furnishings Stores (except Appliances)",,,"V, M"
5713,Floor Covering Stores,,,"V, M"
5714,"Drapery, Upholstery and Window Coverings Stores",,,"V, M"
5718,"Fireplace, Fireplace Screens and Accessories Stores",,,"V, M"
5719,Miscellaneous House Furnishing Specialty Shops,,,"V, M"
5722,Household Appliance Stores,,,"V, M"
5732,Electronics Sales,,,"V, M"
5733,"Music Stores–Musical Instruments, Pianos and Sheet Music",,,"V, M"
5734,Computer Software Stores,,,"V, M"
5735,Record Shops,,,"V, M"
5811,Caterers,,,"V, M"
5812,Eating Places and Restaurants,,,"V, M"
5813,"Bars, Cocktail Lounges, Discotheques, Nightclubs and Taverns–Drinking Places (Alcoholic Beverages)",,,"V, M"
5814,Fast Food Restaurants,,,"V, M"
5815,"Digital Goods: Books, Movies, Music",,,"V, M"
5816,Digital Goods: Games,,,"V, M"
5817,Digital Goods: Applications (Excludes Games),,,"V, M"
5818,Digital Goods: Large Digital Goods Merchant (V)  Digital Goods: Multi-Category (M),,,"V, M"
5912,Drug Stores and Pharmacies,,,"V, M"
5921,"Package Stores–Beer, Wine and Liquor",,,"V, M"
5931,"Second Hand Stores, Used Merchandise Stores",,,"V, M"
5932,"Antique Shops–Sales, Repairs and Restoration Services",,,"V, M"
5933,Pawn Shops,,,"V, M"
5935,Wrecking and Salvage Yards,,,"V, M"
5937,Antique Reproduction Stores,,,"V, M"
5940,Bicycle Shops–Sales and Service,,,"V, M"
5941,Sporting Goods Stores,,,"V, M"
5942,Book Stores,,,"V, M"
5943,"Office, School Supply and Stationery Stores",,,"V, M"
5944,"Clock, Jewelry, Watch and Silverware Stores",,,"V, M"
5945,"Game, Toy and Hobby Shops",,,"V, M"
5946,Camera and Photographic Supply Stores,,,"V, M"
5947,"Card, Gift, Novelty and Souvenir Shops",,,"V, M"
5948,Leather Goods and Luggage Stores,,,"V, M"
5949,"Fabric, Needlework, Piece Goods and Sewing Stores",,,"V, M"
5950,Crystal and Glassware Stores,,,"V, M"
5960,Direct Marketing Insurance Services,,,"V, M"
5961,Mail Order Houses Including Catalog Order Stores,,,TSYS
5962,Direct Marketing–Travel Related Arrangement Services,,,"V, M"
5963,Door-to-Door Sales,,,"V, M"
5964,Direct Marketing–Catalog Merchants,,,"V, M"
5965,Direct Marketing–Combination Catalog and Retail Merchant,,,"V, M"
5966,Direct Marketing–Outbound Telemarketing Merchants,,,"V, M"
5967,Direct Marketing–Inbound Telemarketing Merchants,,,"V, M"
5968,Direct Marketing–Continuity/Subscription Merchants,,,"V, M"
5969,Direct Marketing–Other Direct Marketers–Not Elsewhere Classified,,,"V, M"
5970,"Artist Supply Stores, Craft Shops",,,"V, M"
5971,Art Dealers and Galleries,,,"V, M"
5972,Stamp and Coin Stores–Philatelic and Numismatic Supplies,,,"V, M"
5973,Religious Goods Stores,,,"V, M"
5974,Rubber Stamp Store,,,TSYS
5975,"Hearing Aids–Sales, Service, Supply Stores",,,"V, M"
5976,Orthopedic Goods–Artificial Limb Stores,,,"V, M"
5977,Cosmetic Stores,,,"V, M"
5978,"Typewriter Stores–Rentals, Sales, Service",,,"V, M"
5983,"Fuel Dealers–Coal, Fuel Oil, Liquefied Petroleum, Wood",,,"V, M"
5992,Florists,,,"V, M"
5993,Cigar Stores and Stands,,,"V, M"
5994,News Dealers and Newsstands,,,"V, M"
5995,"Pet Shops, Pet Food and Supplies",,,"V, M"
5996,Swimming Pools–Sales and Supplies,,,"V, M"
5997,Electric Razor Stores–Sales and Service,,,"V, M"
5998,Tent and Awning Shops,,,"V, M"
5999,Miscellaneous and Specialty Retail Stores,,,"V, M"
6010,Member Financial Institution–Manual Cash Disbursements,,,"V, M"
6011,Member Financial Institution–Automated Cash Disbursements,,,"V, M"
6012,Member Financial Institution–Merchandise And Services,,,"V, M"
6050,Quasi Cash–Member Financial Institution,,,M
6051,Quasi Cash–Merchant,,,"V, M"
6211,Securities–Brokers and Dealers,,,"V, M"
6236,Aero Servicio Carabobo,,,TSYS
6300,"Insurance Sales, Underwriting and Premiums",,,"V, M"
6381,Insurance–Premiums,,,TSYS
6513,Real Estate Agents and Managers–Rentals,,,"V, M"
6529,Remote Stored Value Load — Member Financial Institution,,,TSYS
6530,Remove Stored Value Load — Merchant,,,TSYS
6535,Value Purchase–Member Financial Institution,,,TSYS
6536,MoneySend Intracountry,,,M
6537,MoneySend Intercountry,,,M
6538,MoneySend Funding,,,M
6539,Funding Transaction (Excluding MoneySend  ),,,M
6540,POI (Point of Interaction) Funding Transactions (Excluding MoneySend  ),,,M
6611,Overpayments,,,TSYS
6760,Savings Bonds,,,TSYS
7011,"Lodging–Hotels, Motels, Resorts–not elsewhere classified",,,"V, M"
7012,Timeshares,,,"V, M"
7032,Sporting and Recreational Camps,,,"V, M"
7033,Campgrounds and Trailer Parks,,,"V, M"
7210,"Cleaning, Garment and Laundry Services",,,"V, M"
7211,Laundry Services–Family and Commercial,,,"V, M"
7216,Dry Cleaners,,,"V, M"
7217,Carpet and Upholstery Cleaning,,,"V, M"
7221,Photographic Studios,,,"V, M"
7230,Barber and Beauty Shops,,,"V, M"
7251,"Hat Cleaning Shops, Shoe Repair Shops, Shoe Shine Parlors",,,"V, M"
7261,Funeral Service and Crematories,,,"V, M"
7273,Dating Services,,,"V, M"
7276,Tax Preparation Service,,,"V, M"
7277,"Debt, Marriage, Personal–Counseling Services",,,"V, M"
7278,"Buying/Shopping Clubs, Services",,,"V, M"
7280,Hospital Patient-Personal Funds Withdrawal,,,TSYS
7295,Babysitting Services,,,TSYS
7296,"Clothing Rental–Costumes, Uniforms and Formal Wear",,,"V, M"
7297,Massage Parlors,,,"V, M"
7298,Health and Beauty Spas,,,"V, M"
7299,Other Services–Not Elsewhere Classified,,,"V, M"
7311,Advertising Services,,,"V, M"
7321,Consumer Credit Reporting Agencies,,,"V, M"
7332,Blueprinting and Photocopying Services,,,TSYS
7333,"Commercial Art, Graphics, Photography",,,"V, M"
7338,"Quick Copy, Reproduction and Blueprinting Services",,,"V, M"
7339,Stenographic and Secretarial Support Services,,,"V, M"
7342,Exterminating and Disinfecting Services,,,"V, M"
7349,"Cleaning and Maintenance, Janitorial Services",,,"V, M"
7361,Employment Agencies and Temporary Help Services,,,"V, M"
7372,"Computer Programming, Data Processing and Integrated System Design Services",,,"V, M"
7375,Information Retrieval Services,,,"V, M"
7379,"Computer Maintenance, Repair And Services–Not Elsewhere Classified",,,"V, M"
7392,"Consulting, Management and Public Relations Services",,,"V, M"
7393,"Detective Agencies, Protective Agencies, Security Services including Armored Cars, Guard Dogs",,,"V, M"
7394,"Equipment Rental and Leasing Services, Furniture Rental, Tool Rental",,,"V, M"
7395,"Photo Developing, Photofinishing Laboratories",,,"V, M"
7399,Business Services Not Elsewhere Classified,,,"V, M"
7512,Automobile Rental Agency–Not Elsewhere Classified,,,"V, M"
7513,Truck Rental,,,"V, M"
7519,Motor Home and Recreational Vehicle Rental,,,"V, M"
7523,Automobile Parking Lots and Garages,,,"V, M"
7524,Express Payment Service Merchants–Parking Lots and Garages,,,TSYS
7531,Automotive Body Repair Shops,,,"V, M"
7534,Tire Retreading and Repair Shops,,,"V, M"
7535,Automotive Paint Shops,,,"V, M"
7538,Automotive Service Shops,,,"V, M"
7542,Car Washes,,,"V, M"
7549,Towing Services,,,"V, M"
7622,Electronic Repair Shops,,,"V, M"
7623,Air Conditioning and Refrigeration Repair Shops,,,"V, M"
7629,"Appliance Repair Shops, Electrical and Small",,,"V, M"
7631,"Clock, Jewelry and Watch Repair Shops",,,"V, M"
7641,"Furniture–Reupholstery, Repair and Refinishing",,,"V, M"
7692,Welding Repair,,,"V, M"
7699,Miscellaneous Repair Shops and Related Services,,,"V, M"
7800,Government Owned Lottery,,,"V, M"
7801,Government-Licensed Casinos (Online or Internet Gambling),,,"V, M"
7802,Government-Licensed Horse/Dog Racing,,,"V, M"
7829,Motion Picture and Video Tape Production and Distribution,,,"V, M"
7832,Motion Picture Theaters,,,"V, M"
7833,Express Payment Service — Motion Picture Theater,,,TSYS
7841,DVD/Video Tape Rental Stores,,,"V, M"
7911,"Dance Halls, Schools and Studios",,,"V, M"
7922,"Theatrical Producers (Except Motion Pictures), Ticket Agencies",,,"V, M"
7929,"Bands, Orchestras and Miscellaneous Entertainers–Not Elsewhere Classified",,,"V, M"
7932,Pool and Billiard Establishments,,,"V, M"
7933,Bowling Alleys,,,"V, M"
7941,"Athletic Fields, Commercial Sports, Professional Sports Clubs, Sports Promoters",,,"V, M"
7991,Tourist Attractions and Exhibits,,,"V, M"
7992,"Golf Courses, Public",,,"V, M"
7993,Video Amusement Game Supplies,,,"V, M"
7994,Video Game Arcades and Establishments,,,"V, M"
7995,"Gambling Transactions  Betting (Sportsbook, fantasy, social gaming; when regulated and not covered by other MCCs) (D)",,,"V, M"
7996,"Amusement Parks, Carnivals, Circuses, Carnivals, Fortune Tellers",,,"V, M"
7997,"Clubs–Country Clubs, Membership (Athletic, Recreation, Sports), Private Golf Courses",,,"V, M"
7998,"Aquariums, Dolphinariums, Zoos and Seaquariums",,,"V, M"
7999,Recreation Services–Not Elsewhere Classified,,,"V, M"
8011,Doctors–not elsewhere classified,,,"V, M"
8021,Dentists and Orthodontists,,,"V, M"
8031,Osteopathic Physicians,,,"V, M"
8041,Chiropractors,,,"V, M"
8042,Optometrists and Ophthalmologists,,,"V, M"
8043,"Opticians, Optical Goods and Eyeglasses",,,"V, M"
8044,Optical Goods and Eyeglasses,,,TSYS
8049,"Chiropodists, Podiatrists",,,"V, M"
8050,Nursing and Personal Care Facilities,,,"V, M"
8062,Hospitals,,,"V, M"
8071,Dental and Medical Laboratories,,,"V, M"
8099,"Health Practitioners, Medical Services–Not Elsewhere Classified",,,"V, M"
8111,"Attorneys, Legal Services",,,"V, M"
8211,"Schools, Elementary and Secondary",,,"V, M"
8220,"Colleges, Universities, Professional Schools and Junior Colleges",,,"V, M"
8241,"Schools, Correspondence",,,"V, M"
8244,"Schools, Business and Secretarial",,,"V, M"
8249,"Schools, Trade and Vocational",,,"V, M"
8299,Schools And Educational Services–Not Elsewhere Classified,,,"V, M"
8351,Child Care Services,,,"V, M"
8398,"Organizations, Charitable and Social Service",,,"V, M"
8641,"Associations–Civic, Social and Fraternal",,,"V, M"
8651,"Organizations, Political",,,"V, M"
8661,"Organizations, Religious",,,"V, M"
8675,Automobile Associations,,,"V, M"
8699,"Organizations, Membership–Not Elsewhere Classified",,,"V, M"
8734,Testing Laboratories (Non-Medical),,,"V, M"
8743,Testing Laboratories (Non-Medical),,,TSYS
8911,"Architectural, Engineering and Surveying Services",,,"V, M"
8931,"Accounting, Auditing and Bookkeeping Services",,,"V, M"
8999,Professional Services–Not Elsewhere Classified,,,"V, M"
9034,I-Purchasing Pilot,,,TSYS
9211,Court Costs Including Alimony and Child Support,,,"V, M"
9222,Fines,,,"V, M"
9223,Bail and Bond Payments,,,"V, M"
9311,Tax Payments,,,"V, M"
9399,Government Services–Not Elsewhere Classified,,,"V, M"
9401,I-Purchasing Pilot,,,TSYS
9402,Postal Services–Government Only,,,"V, M"
9405,Intra-Government Purchases–Government Only,,,"V, M"
9700,Automated Referral Service,,,V
9701,Visa Credential Server,,,V
9702,GCAS Emergency Services,,,V
9751,"UK Supermarkets, Electronic Hot File",,,TSYS
9752,"UK Petrol Stations, Electronic Hot File",,,TSYS
9754,"Gambling-Horse, Dog Racing, State Lottery",,,M
9950,Intra-Company Purchases,,,"V,M"
